{
    "builders": [
        {
            "boot_command": [
                "<esc>",
                "<wait>linux ks=http://{{ .HTTPIP }}:{{ .HTTPPort }}/centos-ks-UDI.txt<enter>"
            ],
            "boot_wait": "5s",
            "disk_size": 50000,
            "guest_os_type": "RedHat_64",
            "headless": false,
            "http_directory": "./httpfiles",
            "iso_checksum": "939fd1d87c11ffe7795324438b85adfb",
            "iso_checksum_type": "md5",
            "iso_url": "http://mirror.simwood.com/centos/6.5/isos/x86_64/CentOS-6.5-x86_64-netinstall.iso",
            "ssh_password": "root",
            "ssh_username": "root",
            "ssh_wait_timeout": "600m",
            "type": "virtualbox-iso",
            "vboxmanage": [
                ["modifyvm", "{{.Name}}", "--memory", "4096"],
                ["modifyvm", "{{.Name}}", "--cpus", "2"]
            ],
            "vm_name": "packer-centos-6.5-64bit-v5-UDI",
            "shutdown_command": "shutdown -P now"
        }
    ]
}